Added Feature,Test Accuracy,Test Delta,Train Accuracy,Train Delta
NO FEATURES,0.1965982991495748,0.05374115629243195,0.19913580246913581,0.056278659611992965
Token string,0.768384192096048,0.5717858929464732,0.9141975308641975,0.7150617283950618
Google 300-dim word embeddings,0.8529264632316158,0.08454227113556778,0.909753086419753,-0.004444444444444473
Google 300-dim word embeddings context,0.20260130065032517,-0.6503251625812907,0.20123456790123456,-0.7085185185185185